019491,TrafficSign,speedlimit
019492,TrafficSign,speedlimit
019493,TrafficLight,go
019494,TrafficLight,stop
019495,TrafficLight,stop
019496,TrafficLight,stop
019497,TrafficLight,go
019498,TrafficLight,stop
019499,TrafficLight,stop
019500,TrafficLight,stop
019501,TrafficLight,stop
019502,TrafficLight,stop
019503,TrafficLight,stop
019504,TrafficLight,stop
019505,TrafficLight,stop
019506,TrafficLight,stop
019507,TrafficLight,go
019508,TrafficLight,go
019509,TrafficLight,stop
019510,TrafficLight,stop
019511,TrafficLight,stop
019512,TrafficLight,stop
019513,TrafficLight,stop
019514,TrafficLight,stop
019515,TrafficLight,stop
019516,TrafficLight,stop
019517,TrafficLight,stop
019518,TrafficLight,stop
019519,TrafficLight,stop
019520,TrafficSign,speedlimit
019521,TrafficLight,stop
019522,TrafficLight,stop
019523,TrafficLight,stop
019524,TrafficLight,stop
019525,TrafficLight,stop
019526,TrafficLight,stop
019527,TrafficLight,stop
019528,TrafficSign,speedlimit
019529,TrafficSign,speedlimit
019530,TrafficSign,speedlimit
019531,TrafficSign,speedlimit
019532,TrafficLight,stop
019533,TrafficLight,stop
019534,TrafficLight,stop
019535,TrafficLight,stop
019536,TrafficLight,stop
019537,TrafficLight,stop
019538,TrafficLight,stop
019539,TrafficLight,stop
019540,TrafficLight,stop
019541,TrafficLight,stop
019542,TrafficLight,stop
019543,TrafficLight,go
019544,TrafficSign,speedlimit
019545,TrafficLight,stop
019546,TrafficLight,stop
019547,TrafficLight,stop
019548,TrafficLight,stop
019549,TrafficLight,stop
019550,TrafficLight,stop
019551,TrafficLight,stop
019552,TrafficLight,stop
019553,TrafficLight,stop
019554,TrafficLight,go
019555,TrafficSign,speedlimit
019556,TrafficSign,speedlimit
019557,TrafficSign,speedlimit
019558,TrafficLight,stop
019559,TrafficLight,stop
019560,TrafficLight,stop
019561,TrafficLight,stop
019562,TrafficLight,stop
019563,TrafficLight,stop
019564,TrafficLight,stop
019565,TrafficLight,stop
019566,TrafficLight,stop
019567,TrafficLight,stop
019568,TrafficLight,stop
019569,TrafficLight,stop
019570,TrafficLight,stop
019571,TrafficLight,go
019572,TrafficLight,go
019573,TrafficLight,go
019574,TrafficLight,stop
019575,TrafficLight,stop
019576,TrafficLight,stop
019577,TrafficLight,stop
019578,TrafficLight,stop
019579,TrafficLight,stop
019580,TrafficLight,stop
019581,TrafficLight,go
019582,TrafficLight,stop
019583,TrafficSign,speedlimit
019584,TrafficLight,stop
019585,TrafficSign,speedlimit
019586,TrafficLight,stop
019587,TrafficLight,stop
019588,TrafficSign,speedlimit
019589,TrafficLight,stop
019590,TrafficSign,speedlimit
019591,TrafficSign,speedlimit
019592,TrafficLight,stop
019593,TrafficLight,stop
019594,TrafficLight,stop
019595,TrafficLight,stop
019596,TrafficLight,stop
019597,TrafficLight,stop
019598,TrafficLight,stop
019599,TrafficLight,stop
019600,TrafficLight,stop
019601,TrafficLight,stop
019602,TrafficLight,stop
019603,TrafficLight,stop
019604,TrafficLight,stop
019605,TrafficSign,speedlimit
019606,TrafficSign,speedlimit
019607,TrafficLight,go
019608,TrafficSign,speedlimit
019609,TrafficLight,go
019610,TrafficLight,stop
019611,TrafficLight,stop
019612,TrafficLight,stop
019613,TrafficLight,stop
019614,TrafficLight,stop
019615,TrafficLight,stop
019616,TrafficLight,stop
019617,TrafficLight,stop
019618,TrafficLight,stop
019619,TrafficLight,stop
019620,TrafficLight,stop
019621,TrafficLight,stop
019622,TrafficLight,stop
019623,TrafficLight,stop
019624,TrafficLight,stop
019625,TrafficLight,stop
019626,TrafficLight,stop
019627,TrafficLight,stop
019628,TrafficLight,stop
019629,TrafficLight,go
019630,TrafficLight,go
019631,TrafficLight,go
019632,TrafficLight,go
019633,TrafficLight,go
019634,TrafficLight,warning
019635,TrafficLight,stop
019636,TrafficLight,stop
019637,TrafficLight,stop
019638,TrafficLight,stop
019639,TrafficLight,stop
019640,TrafficLight,stop
019641,TrafficLight,stop
019642,TrafficLight,stop
019643,TrafficLight,stop
019644,TrafficLight,stop
019645,TrafficLight,stop
019646,TrafficLight,stop
019647,TrafficLight,stop
019648,TrafficLight,stop
019649,TrafficLight,stop
019650,TrafficLight,stop
019651,TrafficLight,stop
019652,TrafficLight,stop
019653,TrafficLight,stop
019654,TrafficLight,stop
019655,TrafficLight,stop
019656,TrafficLight,stop
019657,TrafficLight,stop
019658,TrafficLight,stop
019659,TrafficLight,stop
019660,TrafficLight,stop
019661,TrafficLight,stop
019662,TrafficLight,stop
019663,TrafficLight,stop
019664,TrafficLight,stop
019665,TrafficLight,stop
019666,TrafficLight,stop
019667,TrafficLight,stop
019668,TrafficLight,go
019669,TrafficLight,go
019670,TrafficLight,go
019671,TrafficLight,go
019672,TrafficLight,stop
019673,TrafficLight,stop
019674,TrafficLight,stop
019675,TrafficLight,stop
019676,TrafficLight,stop
019677,TrafficLight,stop
019678,TrafficLight,stop
019679,TrafficLight,stop
019680,TrafficLight,stop
019681,TrafficLight,stop
019682,TrafficLight,stop
019683,TrafficLight,stop
019684,TrafficLight,stop
019685,TrafficLight,stop
019686,TrafficLight,stop
019687,TrafficLight,go
019688,TrafficLight,go
019689,TrafficLight,go
019690,TrafficLight,go
019691,TrafficLight,go
019692,TrafficLight,go
019693,TrafficLight,stop
019694,TrafficLight,stop
019695,TrafficLight,stop
019696,TrafficLight,stop
019697,TrafficLight,stop
019698,TrafficLight,stop
019699,TrafficLight,stop
019700,TrafficLight,stop
019701,TrafficLight,stop
019702,TrafficLight,stop
019703,TrafficLight,stop
019704,TrafficLight,stop
019705,TrafficLight,stop
019706,TrafficLight,stop
019707,TrafficLight,stop
019708,TrafficLight,stop
019709,TrafficLight,stop
019710,TrafficLight,stop
019711,TrafficLight,stop
019712,TrafficLight,stop
019713,TrafficLight,stop
019714,TrafficLight,stop
019715,TrafficLight,stop
019716,TrafficLight,go
019717,TrafficLight,go
019718,TrafficLight,stop
019719,TrafficLight,stop
019720,TrafficLight,stop
019721,TrafficLight,stop
019722,TrafficLight,stop
019723,TrafficLight,stop
019724,TrafficLight,stop
019725,TrafficLight,stop
019726,TrafficLight,stop
019727,TrafficLight,go
019728,TrafficLight,go
019729,TrafficLight,go
019730,TrafficLight,stop
019731,TrafficLight,stop
019732,TrafficLight,stop
019733,TrafficLight,stop
019734,TrafficLight,stop
019735,TrafficLight,go
019736,TrafficLight,go
019737,TrafficLight,stop
019738,TrafficLight,stop
019739,TrafficLight,stop
019740,TrafficLight,stop
019741,TrafficLight,stop
019742,TrafficLight,stop
019743,TrafficLight,stop
019744,TrafficLight,stop
019745,TrafficLight,stop
019746,TrafficLight,stop
019747,TrafficLight,stop
019748,TrafficLight,stop
019749,TrafficLight,stop
019750,TrafficLight,stop
019751,TrafficLight,stop
019752,TrafficLight,stop
019753,TrafficLight,stop
019754,TrafficLight,stop
019755,TrafficLight,stop
019756,TrafficLight,go
019757,TrafficLight,go
019758,TrafficLight,go
019759,TrafficLight,go
019760,TrafficLight,warning
019761,TrafficLight,warning
019762,TrafficLight,stop
019763,TrafficLight,stop
019764,TrafficLight,stop
019765,TrafficLight,stop
019766,TrafficLight,stop
019767,TrafficLight,stop
019768,TrafficLight,stop
019769,TrafficLight,stop
019770,TrafficLight,stop
019771,TrafficLight,stop
019772,TrafficLight,stop
019773,TrafficLight,stop
019774,TrafficLight,stop
019775,TrafficLight,stop
019776,TrafficLight,go
019777,TrafficLight,go
019778,TrafficLight,go
019779,TrafficLight,stop
019780,TrafficLight,stop
019781,TrafficLight,stop
019782,TrafficSign,stop
019783,TrafficLight,stop
019784,TrafficLight,stop
019785,TrafficLight,stop
019786,TrafficLight,stop
019787,TrafficLight,stop
019788,TrafficLight,stop
019789,TrafficLight,go
019790,TrafficLight,go
019791,TrafficLight,go
019792,TrafficLight,go
019793,TrafficLight,warning
019794,TrafficLight,warning
019795,TrafficLight,stop
019796,TrafficLight,stop
019797,TrafficLight,stop
019798,TrafficLight,stop
019799,TrafficLight,stop
019800,TrafficLight,stop
019801,TrafficLight,stop
019802,TrafficLight,stop
019803,TrafficLight,stop
019804,TrafficLight,stop
019805,TrafficLight,stop
019806,TrafficLight,go
019807,TrafficLight,go
019808,TrafficLight,go
019809,TrafficLight,go
019810,TrafficLight,stop
019811,TrafficLight,stop
019812,TrafficSign,speedlimit
019813,TrafficSign,speedlimit
019814,TrafficLight,stop
019815,TrafficLight,stop
